Reaction name:, SM2-CT-R-S,,
SM1,,,
Phenylboronic acid,SM1, ,3.072
SM2,,,
1-Iodo-4-nitrobenzene,SM2-1, A,35
1-Bromo-4-nitrobenzene,SM2-2, B,4
1-Chloro-4-nitrobenzene,SM2-3, C,33
CT,,,
Pd(OAc)2,CT-1, A,1.096
PdCl2,CT-2, B,0.724
Pd(acac)2,CT-3, C,0.014
R,,,
Na2CO3,R-1, A,32.063
K2CO3,R-2, B,32.36
Cs2CO3,R-3, C,7.113
S,,,
C2H5OH,S-1, A,607.7
NMP ,S-2, B,192.5
P,,,
"4-Nitro-1,1'-biphenyl",P, ,7
BP1,,,
NaI,BP1-1-1, A,80.103
KI,BP1-1-2, A,55.627
CsI,BP1-1-3, A,40.437
NaBr,BP1-2-1, B,80.04
KBr,BP1-2-2, B,67.76
CsBr,BP1-2-3, B,58.418
NaCl,BP1-3-1, C,75.567
KCl,BP1-3-2, C,48.393
CsCl,BP1-3-3, C,52.297
BP2,,,
Na2B4O7*10H2O,BP2-0-1, ,46.313
K2B4O7*4H2O,BP2-0-2, ,24.583
Cs2B4O7*5H2O,BP2-0-3, ,13.927
BP3,,,
H3BO3,BP3-0-0, ,115.788
